"geo","state"
"Escullar","Aboda"
"Drzenin","Aboda"
"Yuanjiatan","Aboda"
"Badanewali","Aboda"
"Gyunashli","Aboda"
"Yaobabikro","Aboda"
"Massasse","Aboda"
"Raay","Aboda"
"Bandanba","Aboda"
"Kaharad","Aboda"
"Portillo","Aboda"
"Ciappi","Aboda"
"Weikert","Aboda"
"Nonyembezi","Aboda"
"Wendern","Aboda"
"Scafa","Aboda"
"Cera","Aboda"
"Correa","Aboda"
"Kiernan","Aboda"
"Camkalabak","Aboda"
"Tasajera","Aboda"
"Ancopado","Aboda"
"Vsadishche","Aboda"
"Jalawig","Aboda"
"Delphos","Aboda"
"Elva","Aboda"
"Selisteni","Aboda"
"Shachong","Aboda"
"Xinyuezhai","Aboda"
"Mbyet","Aboda"
"Znakva","Aboda"
"Pistala","Aboda"
"Bocas","Aboda"
"Rosaaen","Aboda"
"Uqbay","Aboda"
"Khulais","Aboda"
"Treshchevo","Aboda"
"Nautla","Aboda"
"Idakki","Aboda"
"Jaysagar","Aboda"
"Khwaza","Aboda"
"Fonsau","Aboda"
"Juari","Aboda"
"Looney","Aboda"
"Wasilla","Aboda"
"Doubare","Aboda"
"Wayne","Aboda"
"Kapinkong","Aboda"
"Umuorieke","Aboda"
"Gnienesso","Aboda"
"Corazal","Aboda"
"Ouesse","Aboda"
"Shinrock","Aboda"
"Pakapyay","Aboda"
"Hedi","Aboda"
"Nolo","Aboda"
"Tvarditsa","Aboda"
"Skulbru","Aboda"
"Mebaza","Aboda"
"Hengchun","Aboda"
"Puzili","Aboda"
"Yustepec","Aboda"
"Walton","Aboda"
"Kafutu","Aboda"
"Ninatie","Aboda"
"Linintian","Aboda"
"Sarche","Aboda"
"Ateso","Aboda"
"Hetouli","Aboda"
"Priaung","Aboda"
"Mudersah","Aboda"
"Datanghui","Aboda"
"Drekapou","Aboda"
"Nanyangjia","Aboda"
"Chaiso","Aboda"
"Mahe","Aboda"
"Pluzina","Aboda"
"Rwamabasa","Aboda"
"Neco","Aboda"
"Neita","Aboda"
"Bobachshof","Aboda"
"Yarimca","Aboda"
"Kamdarag","Aboda"
"Kancu","Aboda"
"Zakuri","Aboda"
"Sotio","Aboda"
"Xingtang","Aboda"
"Turok","Aboda"
"Yastrebets","Aboda"
"Semeytau","Aboda"
"Dombifold","Aboda"
"Kusuncuk","Aboda"
"Kupun","Aboda"
"Anisakan","Aboda"
"Govin","Aboda"
"KwaSanti","Aboda"
"Mirmiru","Aboda"
"Losoncz","Aboda"
"Shangyiu","Aboda"
"Santos","Aboda"
"Buderaz","Aboda"
"Kamchakay","Aboda"
"Milicici","Aboda"
"Janjal","Aboda"
"Windesheim","Aboda"
"Vlasovka","Aboda"
"Nazas","Aboda"
"Tiganji","Aboda"
"Pergama","Aboda"
"Montdidier","Aboda"
"Muharrem","Aboda"
"Wakaban","Aboda"
"Eyal","Aboda"
"Kompina","Aboda"
"Roong","Aboda"
"Posakan","Aboda"
"Sheqeza","Aboda"
"Chadbourne","Aboda"
"Lopavshe","Aboda"
"Segech","Aboda"
"Njamogan","Aboda"
"Esfestanj","Aboda"
"Valenzana","Aboda"
"Tighanab","Aboda"
"Qumbasi","Aboda"
"Ladygino","Aboda"
"Dovydova","Aboda"
"Corpanto","Aboda"
"Andarapane","Aboda"
"Abyadani","Aboda"
"Kaemusan","Aboda"
"Xiejiazhai","Aboda"
"Guandian","Aboda"
"Eboyomi","Aboda"
"Faidello","Aboda"
"Gezgez","Aboda"
"Pojawa","Aboda"
"Adabakpo","Aboda"
"Khast","Aboda"
"Kaikou","Aboda"
"Loma","Aboda"
"Bungegep","Aboda"
"Pansadare","Aboda"
"Oakgrove","Aboda"
"Lunguegi","Aboda"
"Junkrowy","Aboda"
"Yakpabe","Aboda"
"Mery","Aboda"
"Cheonju","Aboda"
"Ibare","Aboda"
"Miriheliya","Aboda"
"Nauhang","Aboda"
"Rilevo","Aboda"
"Potrusovo","Aboda"
"Kawmaka","Aboda"
"Piachi","Aboda"
"Sagsokhta","Aboda"
"Chunoy","Aboda"
"Coveville","Aboda"
"Nina","Aboda"
"Challata","Aboda"
"Noichi","Aboda"
"Xitangwei","Aboda"
"Blanchard","Aboda"
"Klikow","Aboda"
"Znojmo","Aboda"
"Papesciems","Aboda"
"Zilairskiy","Aboda"
"Biaso","Aboda"
"Bostel","Aboda"
"Bagharwala","Aboda"
"Maissate","Aboda"
"Wasiran","Aboda"
"Jeding","Aboda"
"Zeiyadiya","Aboda"
"Endarasha","Aboda"
"Lapithou","Aboda"
"Jum`ah","Aboda"
"Avaday","Aboda"
"Karimshai","Aboda"
"Kongolla","Aboda"
"Darawan","Aboda"
"Hedo","Aboda"
"Urumetenna","Aboda"
"Yessenniki","Aboda"
"Alum","Aboda"
"Muziris","Aboda"
"Cayuse","Aboda"
"Boisheim","Aboda"
"Kurvush","Aboda"
"Mocca","Aboda"
"Ogikubo","Aboda"
"Tobur","Aboda"
"Waibstadt","Aboda"
"Ounga","Aboda"
"Butembo","Aboda"
"Pakanbaroe","Aboda"
"Coquica","Aboda"
"Pambanda","Aboda"
"Bursulum","Aboda"
"Huaychulo","Aboda"
"Atwidie","Aboda"
"Qingzhuwan","Aboda"
"Arayshi","Aboda"
"Kela","Aboda"
"Pripechene","Aboda"
"Milpo","Aboda"
"Banayoyo","Aboda"
"Kunkurwo","Aboda"
"Neofmetan","Aboda"
"Branco","Aboda"
"Dolovi","Aboda"
"Kigobagobe","Aboda"
"Sahbajpur","Aboda"
"Bushale","Aboda"
"Chekhovo","Aboda"
"Patri","Aboda"
"Naraengi","Aboda"
"Potkraj","Aboda"
"Waldeck","Aboda"
"Goruli","Aboda"
"Nyonya","Aboda"
"Bangun","Aboda"
"Taghan","Aboda"
"Atiot","Aboda"
"Bustos","Aboda"
"Antubia","Aboda"
"Jajuani","Aboda"
"Rupahuasi","Aboda"
"Tinntare","Aboda"
"Trujillo","Aboda"
"Ugbine","Aboda"
"Mowar","Aboda"
"Vandob","Aboda"
"Gagivard","Aboda"
"Bizani","Aboda"
"Abline","Aboda"
"Kourchine","Aboda"
"Ngambon","Aboda"
"Simpensar","Aboda"
"Mambog","Aboda"
"Knike","Aboda"
"Dzhaba","Aboda"
"Ronuri","Aboda"
"Tuzinao","Aboda"
"Legardo","Aboda"
"Ivorona","Aboda"
"Iluya","Aboda"
"Bilaliye","Aboda"
"Dminin","Aboda"
"Liamo","Aboda"
"Andohorano","Aboda"
"Mazamorra","Aboda"
"Namola","Aboda"
"Cejagui","Aboda"
"Firmo","Aboda"
"Bonje","Aboda"
"Toktoyan","Aboda"
"Nancheng","Aboda"
"Vezendan","Aboda"
"Grabijola","Aboda"
"Collarmele","Aboda"
"Kitutu","Aboda"
"Anness","Aboda"
"Iguacito","Aboda"
"Pamanggolo","Aboda"
"Miyawada","Aboda"
"Phuttala","Aboda"
"Candakhel","Aboda"
"Sabbia","Aboda"
"Tadahadi","Aboda"
"Zhiguliao","Aboda"
"Nglijep","Aboda"
"Mashraj","Aboda"
"Siau","Aboda"
"Veiros","Aboda"
"Nagymaros","Aboda"
"Motheren","Aboda"
"Kargi","Aboda"
"Zhaocuo","Aboda"
"Sychem","Aboda"
"Zeppenfeld","Aboda"
"Qianjintan","Aboda"
"Buracica","Aboda"
"Bertlingen","Aboda"
"Ankijanibe","Aboda"
"Imayanan","Aboda"
"Alwii","Aboda"
"Lagarba","Aboda"
"Chennegy","Aboda"
"Kamilare","Aboda"
"Simratari","Aboda"
"Andebabe","Aboda"
"Berlan","Aboda"
"Caxanga","Aboda"
"Suisnes","Aboda"
"Rabaka","Aboda"
"Aney","Aboda"
"Asmordeh","Aboda"
"Windsfeld","Aboda"
"Dilbai","Aboda"
"Chauffard","Aboda"
"Karmanovy","Aboda"
"Mereg","Aboda"
"Seywonkehn","Aboda"
"Kawlum","Aboda"
"Juboli","Aboda"
"Duvarcam","Aboda"
"Tulla","Aboda"
"Rashkidah","Aboda"
"Tsingchwan","Aboda"
"Rutte","Aboda"
"Cersak","Aboda"
"Yaguaraco","Aboda"
"Nokleberg","Aboda"
"Apantem","Aboda"
"Monamuaco","Aboda"
"Waro","Aboda"
"Toplis","Aboda"
"Offwell","Aboda"
"Zeytoglu","Aboda"
"Hondella","Aboda"
"Miandica","Aboda"
"Damou","Aboda"
"Pauji","Aboda"
"Lambana","Aboda"
"Turkhel","Aboda"
"Mayorazo","Aboda"
"Ioub","Aboda"
"Bloknanas","Aboda"
"Chasan","Aboda"
"Monzon","Aboda"
"Truia","Aboda"
"Pakruojus","Aboda"
"Nungkulan","Aboda"
"Tori","Aboda"
"Kucik","Aboda"
"Dikkenberg","Aboda"
"Muaralasan","Aboda"
"Mambulan","Aboda"
"Xitlama","Aboda"
"Pyasechno","Aboda"
"Jalatgama","Aboda"
"Krutoye","Aboda"
"Vahowa","Aboda"
"Makarovka","Aboda"
"Vinne","Aboda"
"Esser","Aboda"
"Manyali","Aboda"
"Toba","Aboda"
"Kamesnica","Aboda"
"Pujue","Aboda"
"Yermakovka","Aboda"
"Reventon","Aboda"
"Ahoe","Aboda"
"Gavzaleh","Aboda"
"Pelevichi","Aboda"
"Petrovo","Aboda"
"Niguas","Aboda"
"Derrimut","Aboda"
"Ashku","Aboda"
"Badransari","Aboda"
"Ruwaysat","Aboda"
"Bibi","Aboda"
"Brzhezinya","Aboda"
"Chigali","Aboda"
"Bafua","Aboda"
"Arrah","Aboda"
"Destaltu","Aboda"
"Kiziltepe","Aboda"
"Pirozero","Aboda"
"Belton","Aboda"
"Riatu","Aboda"
"Nishikawa","Aboda"
"Jhamb","Aboda"
"Shaxilong","Aboda"
"Sargati","Aboda"
"Indamba","Aboda"
"Jianggui","Aboda"
"Camire","Aboda"
"Tuulna","Aboda"
"Hoshkizu","Aboda"
"Babel","Aboda"
"Duralde","Aboda"
"Pavlohrad","Aboda"
"Irisdale","Aboda"
"Rwengoha","Aboda"
"Dzhali","Aboda"
"Ballyvoye","Aboda"
"Hoophuizen","Aboda"
"Zitkovica","Aboda"
"Kasad","Aboda"
"Okaperre","Aboda"
"Pudi","Aboda"
"Salazar","Aboda"
"Harania","Aboda"
"Botija","Aboda"
"Ninkovici","Aboda"
"Giwatazo","Aboda"
"Canabina","Aboda"
"Errego","Aboda"
"Palagimata","Aboda"
"Blocksdorf","Aboda"
"Kumbi","Aboda"
"Anglity","Aboda"
"Ghairaifah","Aboda"
"Punzon","Aboda"
"Hoekelum","Aboda"
"Biburg","Aboda"
"Beisagola","Aboda"
"Ngatkouma","Aboda"
"Cajol","Aboda"
"Averdung","Aboda"
"Gabrovac","Aboda"
"Kikoge","Aboda"
"Milau","Aboda"
"Dobryn","Aboda"
"Mandak","Aboda"
"Glandesan","Aboda"
"Kecikoy","Aboda"
"Coraopolis","Aboda"
"Sveshnikov","Aboda"
"Cerenec","Aboda"
"Dzhampali","Aboda"
"Lwetauk","Aboda"
"Alumeta","Aboda"
"Palele","Aboda"
"Tanbouye","Aboda"
"Momoda","Aboda"
"Lajes","Aboda"
"Jhongfu","Aboda"
"Neri","Aboda"
"Fatumtasa","Aboda"
"Muchemba","Aboda"
"Dogabari","Aboda"
"Hamakwa","Aboda"
"Poniponiki","Aboda"
"Soumard","Aboda"
"Ezit","Aboda"
"Muandu","Aboda"
"Popovtsu","Aboda"
"Skalmeraas","Aboda"
"Namaboeaja","Aboda"
"Chumical","Aboda"
"Kampumbi","Aboda"
"Zougou","Aboda"
"Dworzysk","Aboda"
"Krapje","Aboda"
"Foryd","Aboda"
"Nkwagu","Aboda"
"Barkhatnyy","Aboda"
"Kalegen","Aboda"
"Ostrec","Aboda"
"Dostyk","Aboda"
"Ishasirra","Aboda"
"Csucstelep","Aboda"
"Rogu","Aboda"
"Dianteiro","Aboda"
"Shitian","Aboda"
"Kasinggali","Aboda"
"Samurkan","Aboda"
"Zahvan","Aboda"
"Visconoja","Aboda"
"Komanica","Aboda"
"Viossange","Aboda"
"Bugarevo","Aboda"
"Sadmani","Aboda"
"Aricabamba","Aboda"
"Malayep","Aboda"
"Sirocco","Aboda"
"Mocho","Aboda"
"Cogar","Aboda"
"Romana","Aboda"
"Sedaljka","Aboda"
"Plat","Aboda"
"Torkova","Aboda"
"Idolo","Aboda"
"Ladovo","Aboda"
"Ponte","Aboda"
"Damilisan","Aboda"
"Kakolewice","Aboda"
"Lapardhe","Aboda"
"Kaureja","Aboda"
"Ankifio","Aboda"
"Twarogi","Aboda"
"Nyemped","Aboda"
"Kebesa","Aboda"
"Ponnabya","Aboda"
"Paghman","Aboda"
"Kararo","Aboda"
"Kankalab","Aboda"
"Zebina","Aboda"
"Dorloo","Aboda"
"Ayot","Aboda"
"Enangbo","Aboda"
"Namtang","Aboda"
"Sapantandi","Aboda"
"Kuhjerd","Aboda"
"Bozkower","Aboda"
"Cosque","Aboda"
"Zeytunat","Aboda"
"Retreat","Aboda"
"Limpio","Aboda"
"Chacopata","Aboda"
"Madhuraj","Aboda"
"Uthwaro","Aboda"
"Lerrnanist","Aboda"
"Atucpaccha","Aboda"
"Nitumbenum","Aboda"
"Monchakly","Aboda"
"Kawalika","Aboda"
"Madjaila","Aboda"
"Loina","Aboda"
"Bolbo","Aboda"
"Navasota","Aboda"
"Meloe","Aboda"
"Chishang","Aboda"
"Turno","Aboda"
"Gargoyan","Aboda"
"Foruz","Aboda"
"Hedohekumi","Aboda"
"Ranmiao","Aboda"
"Remoncourt","Aboda"
"Tlogopojok","Aboda"
"Sikan","Aboda"
"Canjerana","Aboda"
"Saucilo","Aboda"
"Osovets","Aboda"
"Sibabudi","Aboda"
"Majherati","Aboda"
"Haweida","Aboda"
"Vigneaux","Aboda"
"Zoungakpio","Aboda"
"Rejalu","Aboda"
"Wschowa","Aboda"
"Ivagu","Aboda"
"Shatylovka","Aboda"
"Kamanawala","Aboda"
"Gaolang","Aboda"
"Kaldus","Aboda"
"Hered","Aboda"
"Guilmago","Aboda"
"Nacolo","Aboda"
"Banit","Aboda"
"Dovrus","Aboda"
"Gingoes","Aboda"
"Prnici","Aboda"
"Douroszyce","Aboda"
"Nipita","Aboda"
"Lamosegga","Aboda"
"Bonea","Aboda"
"Ezhol","Aboda"
"Tantangan","Aboda"
"Silgord","Aboda"
"Kepner","Aboda"
"Konczyska","Aboda"
"Mogate","Aboda"
"Berano","Aboda"
"Petarnitsa","Aboda"
"Cermans","Aboda"
"Mwelemba","Aboda"
"Jowdeleh","Aboda"
"Jintanzhen","Aboda"
"Bernardowo","Aboda"
"Toura","Aboda"
"Pozocane","Aboda"
"Makawa","Aboda"
"Dorado","Aboda"
"Fetais","Aboda"
"Kolorai","Aboda"
"Pestel","Aboda"
"Sadna","Aboda"
"Ugthorpe","Aboda"
"Ganaram","Aboda"
"Sage","Sintbu"
"Tanabay","Sintbu"
"Diarabana","Sintbu"
"Hoummaiss","Sintbu"
"Makajung","Sintbu"
"Zdunek","Sintbu"
"Kakeputra","Sintbu"
"Hunan","Sintbu"
"Andoukou","Sintbu"
"Kirovo","Sintbu"
"Yousae","Sintbu"
"Mokalla","Sintbu"
"Kendenan","Sintbu"
"Besenthal","Sintbu"
"Chacaraya","Sintbu"
"Gadugan","Sintbu"
"Shuhah","Sintbu"
"Liantangce","Sintbu"
"Sesga","Sintbu"
"Moca","Sintbu"
"Mifufurta","Sintbu"
"Kisnemedi","Sintbu"
"Juroki","Sintbu"
"Talba","Sintbu"
"Huangdujie","Sintbu"
"Sokourabo","Sintbu"
"Mahruqi","Sintbu"
"Tahmursat","Sintbu"
"Mambo","Sintbu"
"Maria","Sintbu"
"Chachin","Sintbu"
"Esanso","Sintbu"
"Lobok","Sintbu"
"Matipuire","Sintbu"
"Chilemba","Sintbu"
"Ghonchi","Sintbu"
"Falang","Sintbu"
"Meslieres","Sintbu"
"Dikati","Sintbu"
"Spriet","Sintbu"
"Kyankonyo","Sintbu"
"Rybakovo","Sintbu"
"Claras","Sintbu"
"Malahra","Sintbu"
"Sazhnov","Sintbu"
"Maocaogou","Sintbu"
"Ngueri","Sintbu"
"Prilep","Sintbu"
"Repon","Sintbu"
"Luscapampa","Sintbu"
"Jordaneno","Sintbu"
"Seyyedal","Sintbu"
"Bokale","Sintbu"
"Tauhundor","Sintbu"
"Bazagizia","Sintbu"
"Pompierre","Sintbu"
"Marikatti","Sintbu"
"Peco","Sintbu"
"Dromard","Sintbu"
"Dounguel","Sintbu"
"Ticropo","Sintbu"
"Kathagen","Sintbu"
"Mapulanga","Sintbu"
"Akresse","Sintbu"
"Kadirno","Sintbu"
"Mniewo","Sintbu"
"Untersteig","Sintbu"
"Greencroft","Sintbu"
"Colaceni","Sintbu"
"Baille","Sintbu"
"Leachville","Sintbu"
"Sebreglie","Sintbu"
"Uryvki","Sintbu"
"Malomseg","Sintbu"
"Taihechang","Sintbu"
"Antonis","Sintbu"
"Alyas","Sintbu"
"Mbadie","Sintbu"
"Condormaca","Sintbu"
"Ziegelbach","Sintbu"
"Paradera","Sintbu"
"Tepeonu","Sintbu"
"Gjerja","Sintbu"
"Kulaman","Sintbu"
"Sahuaro","Sintbu"
"Kurhavand","Sintbu"
"Ikurumi","Sintbu"
"Abzhaqva","Sintbu"
"Mankial","Sintbu"
"Pradenilla","Sintbu"
"Namazkin","Sintbu"
"Tebi","Sintbu"
"Koroumba","Sintbu"
"Rauma","Sintbu"
"Jazira","Sintbu"
"Rondovici","Sintbu"
"Fierro","Sintbu"
"Jehangirai","Sintbu"
"Kugurluy","Sintbu"
"Kukas","Sintbu"
"Tangui","Sintbu"
"Unzenberg","Sintbu"
"Songhu","Sintbu"
"Roundfort","Sintbu"
"Liubu","Sintbu"
"Bambli","Sintbu"
"Galyantsi","Sintbu"
"Betabli","Sintbu"
"Cubonje","Sintbu"
"Migkawa","Sintbu"
"Kasinwungu","Sintbu"
"Jinggan","Sintbu"
"Haikouwei","Sintbu"
"Treen","Sintbu"
"Sorofena","Sintbu"
"Yaramand","Sintbu"
"Renslow","Sintbu"
"Alamelek","Sintbu"
"Tezgecer","Sintbu"
"Jirshar","Sintbu"
"Zhendai","Sintbu"
"Kambisa","Sintbu"
"Garasha","Sintbu"
"Khrsovo","Sintbu"
"Kwekongo","Sintbu"
"Lisi","Sintbu"
"Pandobu","Sintbu"
"Brito","Sintbu"
"Kiraiku","Sintbu"
"Rakubo","Sintbu"
"Aynyusumok","Sintbu"
"Skolkovo","Sintbu"
"Karpusta","Sintbu"
"Huechambo","Sintbu"
"Darro","Sintbu"
"Montoku","Sintbu"
"Falerna","Sintbu"
"Vyzhegsha","Sintbu"
"Germania","Sintbu"
"Mputi","Sintbu"
"Nsage","Sintbu"
"Calanaga","Sintbu"
"Melekhi","Sintbu"
"Pomarez","Sintbu"
"Brcve","Sintbu"
"Telheiros","Sintbu"
"Maroulette","Sintbu"
"Sopenmaki","Sintbu"
"Bedouet","Sintbu"
"Neihuzi","Sintbu"
"Bornabad","Sintbu"
"Nagoryane","Sintbu"
"Estroil","Sintbu"
"Shudchyay","Sintbu"
"Prilekskiy","Sintbu"
"Trbusnica","Sintbu"
"Herandan","Sintbu"
"Kounyo","Sintbu"
"Tarasenka","Sintbu"
"Albin","Sintbu"
"Ilabaya","Sintbu"
"Abovce","Sintbu"
"Janschabad","Sintbu"
"Uzunalan","Sintbu"
"Bumbo","Sintbu"
"Baddar","Sintbu"
"Khavametsa","Sintbu"
"Sanchakou","Sintbu"
"Sutka","Sintbu"
"Kwidawa","Sintbu"
"Chengao","Sintbu"
"Babareta","Sintbu"
"Moosic","Sintbu"
"Santja","Sintbu"
"Shikrapur","Sintbu"
"Mazerat","Sintbu"
"Donea","Sintbu"
"Dongzili","Sintbu"
"Kyzylata","Sintbu"
"Bubenets","Sintbu"
"Tambisha","Sintbu"
"Perez","Sintbu"
"Ikei","Sintbu"
"Kutinci","Sintbu"
"Nordanger","Sintbu"
"Bozagba","Sintbu"
"Laowu","Sintbu"
"Vitrimont","Sintbu"
"Vinvale","Sintbu"
"Wrocieryz","Sintbu"
"Jinai","Sintbu"
"Wami","Sintbu"
"Taingy","Sintbu"
"Catakguney","Sintbu"
"Atucmachay","Sintbu"
"Tupitana","Sintbu"
"Nyagatugu","Sintbu"
"Chajubong","Sintbu"
"Picones","Sintbu"
"Maruvila","Sintbu"
"Unterau","Sintbu"
"Quingonde","Sintbu"
"Boinanguo","Sintbu"
"Ahuiran","Sintbu"
"Fangge","Sintbu"
"Yunak","Sintbu"
"Lacitelek","Sintbu"
"Beliet","Sintbu"
"Borho","Sintbu"
"Guogongshu","Sintbu"
"KwaNdesane","Sintbu"
"Kistenevo","Sintbu"
"Shengziyan","Sintbu"
"Zobete","Sintbu"
"Rolvshus","Sintbu"
"Sicacate","Sintbu"
"Sabar","Sintbu"
"Bethleem","Sintbu"
"Mikashkin","Sintbu"
"Kola","Sintbu"
"Bongol","Sintbu"
"Venteuil","Sintbu"
"Suopo","Sintbu"
"Tusari","Sintbu"
"Hansodok","Sintbu"
"Cantanha","Sintbu"
"Bougolon","Sintbu"
"Zuichen","Sintbu"
"Loumbo","Sintbu"
"Fiez","Sintbu"
"Bogemka","Sintbu"
"Teregayevo","Sintbu"
"Bilgili","Sintbu"
"Gosaingaon","Sintbu"
"Ankera","Sintbu"
"Samsonovka","Sintbu"
"Garrisa","Sintbu"
"Kyamungu","Sintbu"
"Akorwet","Sintbu"
"Bupuyuga","Sintbu"
"Hardzis","Sintbu"
"Fasiliyah","Sintbu"
"Burghead","Sintbu"
"Latisonki","Sintbu"
"Keeters","Sintbu"
"Sakotinac","Sintbu"
"Diemoz","Sintbu"
"Youzi","Sintbu"
"Asemkau","Sintbu"
"Yeykerik","Sintbu"
"Paygowli","Sintbu"
"Ashka","Sintbu"
"Sagulsaf","Sintbu"
"Gisovu","Sintbu"
"Kembarawa","Sintbu"
"Chahuteau","Sintbu"
"Senjedeh","Sintbu"
"Cagnipa","Sintbu"
"Bridell","Sintbu"
"Tianliaopu","Sintbu"
"Metemma","Sintbu"
"Kaputo","Sintbu"
"Lelicani","Sintbu"
"Mane","Sintbu"
"Sabichin","Sintbu"
"Lauriere","Sintbu"
"Boihela","Sintbu"
"Bianchi","Sintbu"
"Punahuasi","Sintbu"
"Moshuriv","Sintbu"
"Hokota","Sintbu"
"Bulgurcu","Sintbu"
"Ekoarmufua","Sintbu"
"Wanko","Sintbu"
"Nouri","Sintbu"
"Saghuyeh","Sintbu"
"Riceton","Sintbu"
"Tamanca","Sintbu"
"`Usfan","Sintbu"
"Uturango","Sintbu"
"Safadasht","Sintbu"
"Kambos","Sintbu"
"Rajika","Sintbu"
"Kumotemi","Sintbu"
"Gyavar","Sintbu"
"Faarax","Sintbu"
"Kaliwates","Sintbu"
"Zokogo","Sintbu"
"Abvoura","Sintbu"
"Quri","Sintbu"
"Beltno","Sintbu"
"Sarsbal","Sintbu"
"Varihokan","Sintbu"
"Pricac","Sintbu"
"Toungar","Sintbu"
"Anap","Sintbu"
"Gradnitza","Sintbu"
"Neyukan","Sintbu"
"Vyritsa","Sintbu"
"Dalupu","Sintbu"
"Kurtal","Sintbu"
"Maseyevo","Sintbu"
"Bertai","Sintbu"
"Alikrou","Sintbu"
"Mangaldei","Sintbu"
"Plaza","Sintbu"
"Tavern","Sintbu"
"Tany","Sintbu"
"Bartnieki","Sintbu"
"Delmella","Sintbu"
"Kunuku","Sintbu"
"Mladotice","Sintbu"
"Shortanbay","Sintbu"
"Nanjiangu","Sintbu"
"Sher","Sintbu"
"Flieren","Sintbu"
"Alivetti","Sintbu"
"Mwauluka","Sintbu"
"Orjahovo","Sintbu"
"Bahoke","Sintbu"
"Boleri","Sintbu"
"Pinola","Sintbu"
"Nioroson","Sintbu"
"Garmak","Sintbu"
"Pishcopeja","Sintbu"
"Kianang","Sintbu"
"Agodo","Sintbu"
"Andrantabe","Sintbu"
"Masau","Sintbu"
"Manjan","Sintbu"
"Sambali","Sintbu"
"Revsbotn","Sintbu"
"Mostkowo","Sintbu"
"Cozar","Sintbu"
"Hero","Sintbu"
"Tina","Sintbu"
"Maguava","Sintbu"
"Tipili","Sintbu"
"Beusingsen","Sintbu"
"Holu","Sintbu"
"Figueras","Sintbu"
"Golok","Sintbu"
"Luoxingcun","Sintbu"
"Desenzano","Sintbu"
"Baskaya","Sintbu"
"Oumre","Sintbu"
"Kailie","Sintbu"
"Nadong","Sintbu"
"Maozhang","Sintbu"
"Nelesovice","Sintbu"
"Minangsari","Sintbu"
"Mpebougou","Sintbu"
"Sungeri","Sintbu"
"Taougrit","Sintbu"
"Borowali","Sintbu"
"Kanani","Sintbu"
"Yawng","Sintbu"
"Atiroto","Sintbu"
"Makongolo","Sintbu"
"Dimasari","Sintbu"
"Topouzlare","Sintbu"
"Msabeh","Sintbu"
"Progreso","Sintbu"
"Cranmore","Sintbu"
"Kinyama","Sintbu"
"Wyckles","Sintbu"
"Naktala","Sintbu"
"Cantujaon","Sintbu"
"Banco","Sintbu"
"Bordas","Sintbu"
"Itteren","Sintbu"
"Gabao","Sintbu"
"Kekaji","Sintbu"
"Pobedino","Sintbu"
"Yexi","Sintbu"
"Rosman","Sintbu"
"Vernusse","Sintbu"
"Montuanaka","Sintbu"
"Guatehari","Sintbu"
"Binkaya","Sintbu"
"Meknassete","Sintbu"
"Nikrab","Sintbu"
"Germysh","Sintbu"
"Balykino","Sintbu"
"Pirtnuora","Sintbu"
"Nigan","Sintbu"
"Erdotelek","Sintbu"
"Mulatos","Sintbu"
"Kazi","Sintbu"
"Westerbrak","Sintbu"
"Ghanigay","Sintbu"
"Sommal","Sintbu"
"Tabelchia","Sintbu"
"Elima","Sintbu"
"Nhamedola","Sintbu"
"Dhankunda","Sintbu"
"Pricojo","Sintbu"
"Fraike","Sintbu"
"Guichao","Sintbu"
"Bevantaka","Sintbu"
"Cahone","Sintbu"
"Guchuman","Sintbu"
"Saujagua","Sintbu"
"Roskovec","Sintbu"
"Karmo","Sintbu"
"Tangsifang","Sintbu"
"Cusi","Sintbu"
"Ustersbach","Sintbu"
"Bafore","Sintbu"
"Wellmitz","Sintbu"
"Dittisham","Sintbu"
"Tozgir","Sintbu"
"Arakse","Sintbu"
"Adjelon","Sintbu"
"Bailingnao","Sintbu"
"Rutsava","Sintbu"
"Benifla","Sintbu"
"Carboneros","Sintbu"
"Farasaouna","Sintbu"
"Bakkeveen","Sintbu"
"Phulbaroda","Sintbu"
"Lumbo","Sintbu"
"Padan","Sintbu"
"Istakh","Sintbu"
"Barembach","Sintbu"
"Lezhani","Sintbu"
"Monseguela","Sintbu"
"Chicura","Sintbu"
"Jungdul","Sintbu"
"Ranjewala","Sintbu"
"Jafarabad","Sintbu"
"Yelyunino","Sintbu"
"Motto","Sintbu"
"Huijiacuo","Sintbu"
"Leley","Sintbu"
"Tulema","Sintbu"
"Tolonundoo","Sintbu"
"Laonmanay","Sintbu"
"Redondo","Sintbu"
"Bouzi","Sintbu"
"Aqchashmeh","Sintbu"
"Chuantou","Sintbu"
"Duchowez","Sintbu"
"Kourkoude","Sintbu"
"Glicoria","Sintbu"
"Laurignano","Sintbu"
"Kolodziaz","Sintbu"
"Myinkyan","Sintbu"
"Yingbu","Sintbu"
"Mayanze","Sintbu"
"Sambalahy","Sintbu"
"Kamuka","Sintbu"
"Gudouri","Sintbu"
"Zhaosancun","Sintbu"
"Xiaoren","Sintbu"
"Pumali","Sintbu"
"Kamasej","Sintbu"
"Bianoune","Sintbu"
"Paralar","Sintbu"
"Kislitsyn","Isnor"
"Dalry","Isnor"
"Coyotillo","Isnor"
"Musima","Isnor"
"Biso","Isnor"
"Mirjapur","Isnor"
"Madenevi","Isnor"
"Bodonci","Isnor"
"Masulo","Isnor"
"Campurjo","Isnor"
"Koinya","Isnor"
"Madaras","Isnor"
"Ranutovac","Isnor"
"Barampola","Isnor"
"Magdolo","Isnor"
"Conville","Isnor"
"Triupi","Isnor"
"Zhair","Isnor"
"Sinyang","Isnor"
"Chedai","Isnor"
"Jebayan","Isnor"
"Briescht","Isnor"
"Lattasburg","Isnor"
"Pelo","Isnor"
"Trouvans","Isnor"
"Marins","Isnor"
"Gulonan","Isnor"
"Barbudo","Isnor"
"Dzhugdar","Isnor"
"Dangelan","Isnor"
"Pesteri","Isnor"
"Patwai","Isnor"
"Ribang","Isnor"
"Taltitah","Isnor"
"Esfich","Isnor"
"Tekinguel","Isnor"
"Kalanwali","Isnor"
"Kabetoua","Isnor"
"Sele","Isnor"
"Guajes","Isnor"
"Tombiano","Isnor"
"Vincy","Isnor"
"Catadongan","Isnor"
"Sekeura","Isnor"
"Sedunova","Isnor"
"Panapana","Isnor"
"Zhaojunwan","Isnor"
"Bosongri","Isnor"
"Karaguzina","Isnor"
"Krenshino","Isnor"
"Parigas","Isnor"
"Layawa","Isnor"
"Sudilovo","Isnor"
"Hernadcece","Isnor"
"Kania","Isnor"
"Amalabu","Isnor"
"Toahotu","Isnor"
"Gleboka","Isnor"
"Ostera","Isnor"
"Lebosin","Isnor"
"Hamanukofe","Isnor"
"Chanqachar","Isnor"
"Tongqingsi","Isnor"
"Alvisquer","Isnor"
"Mall","Isnor"
"Quarcioli","Isnor"
"Clamanges","Isnor"
"Cuinas","Isnor"
"Murihari","Isnor"
"Bonga","Isnor"
"Kalidadap","Isnor"
"Mooretown","Isnor"
"Maza","Isnor"
"Nanbanpola","Isnor"
"Songbai","Isnor"
"Syurek","Isnor"
"Guidong","Isnor"
"Santaskyla","Isnor"
"Sanggeran","Isnor"
"Gulbafan","Isnor"
"Qaracanli","Isnor"
"Sarmakay","Isnor"
"Springdale","Isnor"
"Rudakovo","Isnor"
"Modiba","Isnor"
"Ogourbo","Isnor"
"Pobeda","Isnor"
"Ariljevo","Isnor"
"Zondji","Isnor"
"Tibillo","Isnor"
"Tartogay","Isnor"
"Verbuny","Isnor"
"Sakkulova","Isnor"
"Cuyapiao","Isnor"
"Pyritz","Isnor"
"Khamza","Isnor"
"Molengo","Isnor"
"Konstancja","Isnor"
"Hajmir","Isnor"
"Llanquero","Isnor"
"Enimahle","Isnor"
"Waly","Isnor"
"Kalvik","Isnor"
"Mukambala","Isnor"
"Morchapur","Isnor"
"Oruwela","Isnor"
"Bamvim","Isnor"
"Cheping","Isnor"
"Kuplenka","Isnor"
"Ghoraghat","Isnor"
"Bullnac","Isnor"
"Mapika","Isnor"
"Mahaba","Isnor"
"Dubeczno","Isnor"
"Anjinbawi","Isnor"
"Kutruwal","Isnor"
"Kajoknodo","Isnor"
"Gelkenes","Isnor"
"Saratyany","Isnor"
"Kundusu","Isnor"
"Gureharago","Isnor"
"Mormont","Isnor"
"Apriltsi","Isnor"
"Amaimon","Isnor"
"Makoubou","Isnor"
"Sonville","Isnor"
"Tahuique","Isnor"
"Sangsinjon","Isnor"
"Sabakyi","Isnor"
"Lungler","Isnor"
"Kaneng","Isnor"
"Vessalovo","Isnor"
"Dissinai","Isnor"
"Condino","Isnor"
"Fanathiang","Isnor"
"Kanis","Isnor"
"Fitata","Isnor"
"Sator","Isnor"
"Tayganur","Isnor"
"Mayhan","Isnor"
"Ferma","Isnor"
"Quinjica","Isnor"
"Madadombe","Isnor"
"Qixingying","Isnor"
"Gulcinda","Isnor"
"Twerdiza","Isnor"
"Hounong","Isnor"
"Andraina","Isnor"
"Hemaruka","Isnor"
"Soegae","Isnor"
"Cobela","Isnor"
"Vakarai","Isnor"
"Krustpils","Isnor"
"Nhamucaia","Isnor"
"Kalina","Isnor"
"Broda","Isnor"
"Lapahn","Isnor"
"Kunugonewa","Isnor"
"Otepun","Isnor"
"Lixinwu","Isnor"
"Walk","Isnor"
"Okko","Isnor"
"Manhanip","Isnor"
"Zibeh","Isnor"
"Qureshi","Isnor"
"Adama","Isnor"
"Tamshiner","Isnor"
"Oekufu","Isnor"
"Shangyang","Isnor"
"Nardyk","Isnor"
"Yad`ali","Isnor"
"Divanleq","Isnor"
"Ankarahaka","Isnor"
"Siachencuo","Isnor"
"Karonje","Isnor"
"Tokchin","Isnor"
"Tukehy","Isnor"
"Kakusando","Isnor"
"Zavoruy","Isnor"
"Amamlo","Isnor"
"Larameta","Isnor"
"Shahbulaq","Isnor"
"Agazza","Isnor"
"Gbure","Isnor"
"Huapi","Isnor"
"Joshi","Isnor"
"Revaca","Isnor"
"Safotu","Isnor"
"Karachuny","Isnor"
"Kavsakdere","Isnor"
"Halin","Isnor"
"Peshkowr","Isnor"
"Canelas","Isnor"
"Kuproviche","Isnor"
"Mongili","Isnor"
"Buyanga","Isnor"
"Luadh","Isnor"
"Chirmistan","Isnor"
"Timbeski","Isnor"
"Fangfoss","Isnor"
"Milona","Isnor"
"Whithorne","Isnor"
"Batizovce","Isnor"
"Vapi","Isnor"
"Imri","Isnor"
"Sarkayevo","Isnor"
"Strahack","Isnor"
"Arek","Isnor"
"Makinka","Isnor"
"Alanmulla","Isnor"
"Busse","Isnor"
"Herval","Isnor"
"Razdeh","Isnor"
"Koromabla","Isnor"
"Kunr","Isnor"
"Basch","Isnor"
"Rangala","Isnor"
"Pishchiki","Isnor"
"Lesovody","Isnor"
"Mullayano","Isnor"
"Alimli","Isnor"
"Kalinten","Isnor"
"Minuran","Isnor"
"Zarubi","Isnor"
"Lakakih","Isnor"
"Trezoi","Isnor"
"Muraduwala","Isnor"
"Ipulwehera","Isnor"
"Bascape","Isnor"
"Grebenka","Isnor"
"Chaqchi","Isnor"
"Kwaboanta","Isnor"
"Stoops","Isnor"
"Mbeli","Isnor"
"Dgrakous","Isnor"
"Verdiere","Isnor"
"Zimara","Isnor"
"Zablace","Isnor"
"Hyotan","Isnor"
"Qaynarjeh","Isnor"
"Mukhauri","Isnor"
"Plevlje","Isnor"
"Dobromir","Isnor"
"Hawile","Isnor"
"Manhumlad","Isnor"
"Shananah","Isnor"
"Karszewo","Isnor"
"Bugubo","Isnor"
"Soliman","Isnor"
"Mayakon","Isnor"
"Jirhemba","Isnor"
"Nundoni","Isnor"
"Navesiakh","Isnor"
"Nandiala","Isnor"
"Shuibin","Isnor"
"Struzhane","Isnor"
"Mikore","Isnor"
"Jiquie","Isnor"
"Chinyenge","Isnor"
"Oluffe","Isnor"
"Beyibe","Isnor"
"Srokol","Isnor"
"Dowagiac","Isnor"
"Yatima","Isnor"
"Guibralter","Isnor"
"Puhulamada","Isnor"
"Blahsno","Isnor"
"Ziouaz","Isnor"
"Dadingzi","Isnor"
"Lalicici","Isnor"
"Bedihy","Isnor"
"Sitache","Isnor"
"Tousona","Isnor"
"Ngoussou","Isnor"
"Korshibta","Isnor"
"Kamenec","Isnor"
"Zhanazhol","Isnor"
"Grabtsovy","Isnor"
"Siborangan","Isnor"
"Malongoe","Isnor"
"Juchitan","Isnor"
"Asramarz","Isnor"
"Banubo","Isnor"
"Limay","Isnor"
"Barushan","Isnor"
"Tchicoma","Isnor"
"Caratinga","Isnor"
"Khnosku","Isnor"
"Hajiyan","Isnor"
"Huitlapa","Isnor"
"Biharwe","Isnor"
"Wahlegan","Isnor"
"Granados","Isnor"
"Sandeh","Isnor"
"Kapweiler","Isnor"
"Mokerschan","Isnor"
"Kronfelde","Isnor"
"Chinchahua","Isnor"
"Lambrani","Isnor"
"Quiaia","Isnor"
"Cerony","Isnor"
"Porovac","Isnor"
"Hapu","Isnor"
"Ngelowan","Isnor"
"Caipe","Isnor"
"Lambert","Isnor"
"Somersby","Isnor"
"Moreta","Isnor"
"Louezri","Isnor"
"Babran","Isnor"
"Norageliu","Isnor"
"Likoni","Isnor"
"Ccatahue","Isnor"
"Blackfork","Isnor"
"Nokebougou","Isnor"
"Anoe","Isnor"
"Gauacu","Isnor"
"Messarege","Isnor"
"Peckat","Isnor"
"Jorquenay","Isnor"
"Rodov","Isnor"
"Kalexiao","Isnor"
"Maputat","Isnor"
"Arnaut","Isnor"
"Megulla","Isnor"
"Querane","Isnor"
"Nandankona","Isnor"
"Lamgird","Isnor"
"Barasanan","Isnor"
"Schweinitz","Isnor"
"Todanan","Isnor"
"Bebokaky","Isnor"
"Henegama","Isnor"
"Ruankeng","Isnor"
"Silvares","Isnor"
"Ghurah","Isnor"
"Kahtak","Isnor"
"Sheboygan","Isnor"
"Insar","Isnor"
"Sangsinwon","Isnor"
"Kaiwang","Isnor"
"Shirud","Isnor"
"Dissnik","Isnor"
"Alfouvez","Isnor"
"Pachranga","Isnor"
"Waples","Isnor"
"Katraszel","Isnor"
"Suetian","Isnor"
"Wittingen","Isnor"
"Matisay","Isnor"
"Malemia","Isnor"
"Manuylivka","Isnor"
"Rishawa","Isnor"
"Caracollo","Isnor"
"Paracacual","Isnor"
"Meursac","Isnor"
"Awca","Isnor"
"Wiernowo","Isnor"
"Kharakwala","Isnor"
"Gandiw","Isnor"
"Sanahcat","Isnor"
"Pendleton","Isnor"
"Tesovka","Isnor"
"Gyadik","Isnor"
"Xiejiapo","Isnor"
"Zanad","Isnor"
"Xibeicha","Isnor"
"Wrecza","Isnor"
"Mamural","Isnor"
"Pratone","Isnor"
"Liyuping","Isnor"
"Acuarana","Isnor"
"Souleyman","Isnor"
"Igidi","Isnor"
"Sconser","Isnor"
"Spasskiy","Isnor"
"Pundia","Isnor"
"Hibune","Isnor"
"Czarnowoda","Isnor"
"Tafitoala","Isnor"
"Karra","Isnor"
"Kancele","Isnor"
"Karykend","Isnor"
"Bonita","Isnor"
"Ongorumu","Isnor"
"Sonamugri","Isnor"
"Rogulji","Isnor"
"KwaMagaza","Isnor"
"Kuchukdere","Isnor"
"Vermelho","Isnor"
"Cadra","Isnor"
"Bakolod","Isnor"
"Ondes","Isnor"
"Fanglis","Isnor"
"Malebo","Isnor"
"Vratnica","Isnor"
"Montreat","Isnor"
"Bemanda","Isnor"
"Ngapuhi","Isnor"
"Nakachari","Isnor"
"Zubiya","Isnor"
"Haludgarh","Isnor"
"Kokoki","Isnor"
"Staverci","Isnor"
"Mahlata","Isnor"
"Auyamiti","Isnor"
"Suako","Isnor"
"Machhar","Isnor"
"Hulong","Isnor"
"Ludunica","Isnor"
"Lamaoan","Isnor"
"Huangdujie","Isnor"
"Raqqasan","Isnor"
"Ejisu","Isnor"
"Madura","Isnor"
"Bushma","Isnor"
"Kaklijah","Isnor"
"Digal","Isnor"
"Maz`alah","Isnor"
"Guinalbin","Isnor"
"Redcastle","Isnor"
"Parrot","Isnor"
"Montecito","Isnor"
"Bagoeni","Isnor"
"Saway","Isnor"
"Adesta","Isnor"
"Boulieu","Isnor"
"Brovenino","Isnor"
"Mosabu","Isnor"
"Ibulao","Isnor"
"Etytei","Isnor"
"Gurnasb","Isnor"
"Montmeyan","Isnor"
"Posop","Isnor"
"Aybar","Isnor"
"Rakiv","Isnor"
"Mingluqiao","Isnor"
"Alayar","Isnor"
"Kolaczkow","Isnor"
"Kandavkot","Isnor"
"Sahlan","Isnor"
"Ghurabah","Isnor"
"Kalasani","Isnor"
"Xamar","Isnor"
"Lavozem","Isnor"
"Dahana","Isnor"
"Muraldi","Isnor"
"Sukoresmi","Isnor"
"Chacrampa","Isnor"
"Maguine","Isnor"
"Volkovskiy","Isnor"
"Kopylovka","Isnor"
"Reptowo","Isnor"
"Odratzheim","Isnor"
"Bahusuai","Isnor"
"Nguenza","Isnor"
"Xingtangji","Isnor"
"Entoeroen","Isnor"
"Mostazas","Isnor"
"Batyn","Isnor"
"Penhold","Isnor"
"Aguaity","Isnor"
"Kasoesoei","Isnor"
"Bangsirit","Isnor"
"Chukuram","Isnor"
"Saltax","Isnor"
"Segue","Isnor"
"Emon","Isnor"
"Alicerci","Isnor"
"Kakere","Isnor"
"Gardiyevka","Isnor"
"Soukka","Isnor"
"Khvoshaku","Isnor"
"Deikkon","Isnor"
"Shuangxipu","Isnor"
"Ancocahua","Isnor"
"Kiso","Isnor"
"Botugu","Isnor"
"Bababougou","Isnor"
"Muwala","Isnor"
"Capella","Isnor"
"Kopara","Isnor"
"Warmazyar","Isnor"
"Akhchi","Isnor"
"Perfecto","Isnor"
"Antaneliba","Isnor"
"Garpareh","Isnor"
"Ginsularan","Isnor"
"Saduko","Isnor"
"Naeroset","Isnor"
"Kivunge","Isnor"
"Marjani","Isnor"
"Prutznow","Isnor"
"Mazbug","Isnor"
"Kutlenka","Isnor"
"Sruweng","Isnor"
"Chipewyan","Isnor"
"Trappes","Isnor"
"Siatao","Isnor"
"Analadinga","Isnor"
"Roganci","Isnor"
"Zonglitou","Isnor"
"Xorazm","Isnor"
"Szkirele","Isnor"
"Lanerywari","Isnor"
"Pongdaw","Isnor"
"Khazina","Isnor"
"Diansia","Isnor"
"Malilija","Isnor"
"Dakuban","Isnor"
"Bichachic","Isnor"
"Mariposa","Isnor"
"Nopaltepec","Isnor"
"Caracoles","Isnor"
"Pacama","Isnor"
"Zingara","Isnor"
"Watoga","Isnor"
"Maquincara","Isnor"
"Samango","Isnor"
"Ibach","Isnor"
"Gaureni","Isnor"
"Kucuksusuz","Isnor"
"Ngasuh","Haivismal"
"Cano","Haivismal"
"Baruia","Haivismal"
"Mpambire","Haivismal"
"Kanlibot","Haivismal"
"Wieste","Haivismal"
"Uriachic","Haivismal"
"Bryantsevo","Haivismal"
"Sepakula","Haivismal"
"Pestrina","Haivismal"
"Zilino","Haivismal"
"Oakthorpe","Haivismal"
"Puloaro","Haivismal"
"Hacha","Haivismal"
"Ghrmaghele","Haivismal"
"Proletarsk","Haivismal"
"Barialaran","Haivismal"
"Kawerau","Haivismal"
"Kotiegba","Haivismal"
"Cadkoy","Haivismal"
"Okubomachi","Haivismal"
"Amate","Haivismal"
"Tabin","Haivismal"
"Tombage","Haivismal"
"Soulouf","Haivismal"
"Beuma","Haivismal"
"Cerasuolo","Haivismal"
"Warschken","Haivismal"
"Marcat","Haivismal"
"Siradoubia","Haivismal"
"Maglizh","Haivismal"
"Nyanje","Haivismal"
"Kunyang","Haivismal"
"Haql","Haivismal"
"Shengwan","Haivismal"
"Kulyanli","Haivismal"
"Grudevica","Haivismal"
"Wasangpang","Haivismal"
"Talog","Haivismal"
"Makarino","Haivismal"
"Wutou","Haivismal"
"Mgama","Haivismal"
"Capazo","Haivismal"
"Kondrykino","Haivismal"
"Manaobo","Haivismal"
"Kosa","Haivismal"
"Kuwimpfizi","Haivismal"
"Kabat","Haivismal"
"Chujia","Haivismal"
"Tuma","Haivismal"
"Itsandra","Haivismal"
"Gramadal","Haivismal"
"Teymurchi","Haivismal"
"Krazza","Haivismal"
"Manandaza","Haivismal"
"Bagamane","Haivismal"
"Montoro","Haivismal"
"Cogon","Haivismal"
"Chipera","Haivismal"
"Rukambutur","Haivismal"
"Blonhofen","Haivismal"
"Banyuates","Haivismal"
"Bienduszka","Haivismal"
"Malembo","Haivismal"
"Kasenki","Haivismal"
"Kingsmead","Haivismal"
"Karlas","Haivismal"
"Obonte","Haivismal"
"Immatin","Haivismal"
"Anjwan","Haivismal"
"Remagi","Haivismal"
"Aghbash","Haivismal"
"Kabi","Haivismal"
"Aria","Haivismal"
"Borishof","Haivismal"
"Llucane","Haivismal"
"Tuhanec","Haivismal"
"Qiongzibu","Haivismal"
"Mamadpalli","Haivismal"
"Upcot","Haivismal"
"Lechinbum","Haivismal"
"Kucki","Haivismal"
"Punguk","Haivismal"
"Ehuren","Haivismal"
"Napura","Haivismal"
"Baharwala","Haivismal"
"Khamgal","Haivismal"
"Guedeyo","Haivismal"
"Appledale","Haivismal"
"Eskicubuk","Haivismal"
"Lobc","Haivismal"
"Pritupovo","Haivismal"
"Kalniny","Haivismal"
"Canciledes","Haivismal"
"Baczki","Haivismal"
"Fordlandia","Haivismal"
"Checance","Haivismal"
"Taramchuk","Haivismal"
"Vozheil","Haivismal"
"Spuy","Haivismal"
"Kashin","Haivismal"
"Ikabaru","Haivismal"
"Manelovice","Haivismal"
"Hawarin","Haivismal"
"Excello","Haivismal"
"Galachipa","Haivismal"
"Holarua","Haivismal"
"Aubal","Haivismal"
"Jhaun","Haivismal"
"Horkelifa","Haivismal"
"Beburdzhak","Haivismal"
"Huatempo","Haivismal"
"Hamra","Haivismal"
"Puppalabo","Haivismal"
"Bruchstedt","Haivismal"
"Ewusiedwo","Haivismal"
"Mopeni","Haivismal"
"Babako","Haivismal"
"Bondjok","Haivismal"
"Letov","Haivismal"
"Talgasica","Haivismal"
"Gradojevic","Haivismal"
"Moroboro","Haivismal"
"Zebeskan","Haivismal"
"Serratella","Haivismal"
"Munaing","Haivismal"
"Mohpani","Haivismal"
"Moonak","Haivismal"
"Locroja","Haivismal"
"Saegadi","Haivismal"
"Dula","Haivismal"
"Krapina","Haivismal"
"Wyseggen","Haivismal"
"Tcherkel","Haivismal"
"Laguerta","Haivismal"
"Mulgwaemal","Haivismal"
"Dobrotuv","Haivismal"
"Bayel","Haivismal"
"Orinoco","Haivismal"
"Ollikula","Haivismal"
"Yumysh","Haivismal"
"Wanggukeng","Haivismal"
"Doare","Haivismal"
"Chuansi","Haivismal"
"Meiringen","Haivismal"
"Korip","Haivismal"
"Guariquen","Haivismal"
"Medreseli","Haivismal"
"Carmet","Haivismal"
"Lwangyaung","Haivismal"
"Wuxiao","Haivismal"
"Bida","Haivismal"
"Matakal","Haivismal"
"Sadovice","Haivismal"
"Bambaraya","Haivismal"
"Dessene","Haivismal"
"Haizouq","Haivismal"
"Nankongolo","Haivismal"
"Oeleu","Haivismal"
"Benh","Haivismal"
"Monserrata","Haivismal"
"Bantalan","Haivismal"
"Goingarijp","Haivismal"
"Nqabarana","Haivismal"
"Kepetek","Haivismal"
"Gobindopur","Haivismal"
"Mamuras","Haivismal"
"Wolls","Itsware"
"Mayorocco","Itsware"
"Turi","Itsware"
"Changdae","Itsware"
"Dzuqnuri","Itsware"
"Kharper","Itsware"
"Induan","Itsware"
"Dhaoapara","Itsware"
"Beuniseuri","Itsware"
"Kuchisubo","Itsware"
"Jagyal","Itsware"
"Ruman","Itsware"
"Seyty","Itsware"
"Chadan","Itsware"
"Soumbala","Itsware"
"Tabokaha","Itsware"
"Gouegi","Itsware"
"Deset","Itsware"
"Luomei","Itsware"
"Caino","Itsware"
"Kasagi","Itsware"
"Bifiran","Itsware"
"Futak","Itsware"
"Huraydah","Itsware"
"Quyunlu","Itsware"
"Ybysh","Itsware"
"Phenapukur","Itsware"
"Huna","Itsware"
"Burunkisla","Itsware"
"Massoro","Itsware"
"Goumare","Itsware"
"Pilureh","Itsware"
"Masure","Itsware"
"Oulombome","Itsware"
"Khatsunob","Itsware"
"Greolieres","Itsware"
"Ganewatta","Itsware"
"Palocak","Itsware"
"Kisik","Itsware"
"Jalbangai","Itsware"
"Bubuti","Itsware"
"Sarflaks","Itsware"
"Byrecleugh","Itsware"
"Avala","Itsware"
"Naris","Itsware"
"Naluvule","Itsware"
"Cacosso","Itsware"
"Torabh","Itsware"
"Fukuyama","Itsware"
"Ianakaraka","Itsware"
"Melenero","Itsware"
"Siweizih","Itsware"
"Balen","Itsware"
"Niouluwan","Itsware"
"Mominabad","Itsware"
"Mukandpura","Itsware"
"Malahermo","Itsware"
"Touroumou","Itsware"
"Andaw","Itsware"
"Ttumi","Itsware"
"Rouajah","Itsware"
"Kalidelu","Itsware"
"Seberey","Itsware"
"Malutiao","Itsware"
"Nelihe","Itsware"
"Vendrennes","Itsware"
"Zhaoyali","Itsware"
"Yezhuwo","Itsware"
"Panvad","Itsware"
"Padesso","Itsware"
"Oyjordi","Itsware"
"Niaogushi","Itsware"
"Bopa","Itsware"
"Baozhangzi","Itsware"
"Sharud","Itsware"
"Soual","Itsware"
"Nimmitabel","Itsware"
"Niumaumau","Itsware"
"Mulyamekar","Itsware"
"Gigia","Itsware"
"Madranca","Itsware"
"Kampela","Itsware"
"Biru","Itsware"
"Ogra","Itsware"
"Sampie","Itsware"
"Erevupola","Itsware"
"Toledo","Itsware"
"Platt","Itsware"
"Burdaria","Itsware"
"Porge","Itsware"
"Patki","Itsware"
"Moro","Itsware"
"Ouizgought","Itsware"
"Endjoumou","Itsware"
"Huajuquilo","Itsware"
"Tacapampa","Itsware"
"Pohoi","Itsware"
"Digna","Itsware"
"Razalyar","Itsware"
"Alsomajor","Itsware"
"Elisiario","Itsware"
"Yandahun","Itsware"
"Matranxh","Itsware"
"Amolio","Itsware"
"Enmytagyn","Itsware"
"Malasi","Itsware"
"Ayease","Itsware"
"Toneyevka","Itsware"
"Bigotes","Itsware"
"Ajena","Itsware"
"Padagai","Itsware"
"Ostojici","Itsware"
"Anaraoe","Itsware"
"Namerli","Itsware"
"Lumbo","Itsware"
"Destierro","Itsware"
"Alpayoc","Itsware"
"Arbow","Itsware"
"Jasha","Itsware"
"Senara","Itsware"
"Domantovo","Itsware"
"Chisempere","Itsware"
"Skhlit","Itsware"
"Magige","Itsware"
"Bacobampo","Itsware"
"Islauzas","Itsware"
"Yurkyantsy","Itsware"
"Piproda","Itsware"
"Rupt","Itsware"
"Prelauff","Itsware"
"Zhaogu","Itsware"
"Degendorf","Itsware"
"Azamabad","Itsware"
"Ancochuco","Itsware"
"Kofomuga","Itsware"
"Deerhurst","Itsware"
"Rozsasdulo","Itsware"
"Winau","Itsware"
"Kaladuz","Itsware"
"Acontilla","Itsware"
"Eiyentale","Itsware"
"Dattakhola","Itsware"
"Kari","Itsware"
"Ballots","Itsware"
"Gunbaha","Itsware"
"Azokkyi","Itsware"
"Wrigley","Itsware"
"Harung","Itsware"
"Bobala","Itsware"
"Mbadar","Itsware"
"Gidiga","Itsware"
"Chadegan","Itsware"
"Yabu","Itsware"
"Wank","Itsware"
"Ibiri","Itsware"
"Chacanhu","Itsware"
"Slobazna","Itsware"
"Gbiin","Itsware"
"Pomaro","Itsware"
"Mtutu","Itsware"
"Huancaroni","Itsware"
"Molineros","Itsware"
"Zukaytun","Itsware"
"Zhaji","Itsware"
"Sjoli","Itsware"
"Kurduli","Itsware"
"Cherntsovo","Itsware"
"Xindou","Itsware"
"Kugbe","Itsware"
"Ndja","Itsware"
"Lamir","Itsware"
"Bagoren","Itsware"
"Hyllwynd","Itsware"
"Shimashao","Itsware"
"Soli","Itsware"
"Yergomu","Itsware"
"Rayet","Itsware"
"Youchou","Itsware"
"Barabule","Itsware"
"Ghoshpur","Itsware"
"Nangkoende","Itsware"
"Kusejabad","Itsware"
"Cazenave","Itsware"
"Mele","Itsware"
"Patulyay","Itsware"
"Heelweg","Itsware"
"Salanty","Itsware"
"Kent","Itsware"
"Sljuke","Itsware"
"Hayawt","Itsware"
"Clewitz","Itsware"
"Fantino","Itsware"
"Puuoso","Itsware"
"Ecton","Itsware"
"Tintero","Itsware"
"Vrapce","Itsware"
"Glavice","Itsware"
"Paskala","Itsware"
"Yrikele","Itsware"
"Mamdipur","Itsware"
"Trnovaca","Itsware"
"Chipase","Itsware"
"Ssaljany","Itsware"
"Moroges","Itsware"
"Sismosa","Itsware"
"Goljanitsa","Itsware"
"Morada","Itsware"
"Youtt","Itsware"
"Masineh","Itsware"
"Montbard","Itsware"
"Tiondie","Itsware"
"Otipele","Itsware"
"Schierokau","Itsware"
"Birnah","Itsware"
"Raca","Itsware"
"Randhir","Itsware"
"Seropull","Itsware"
"Golovin","Itsware"
"Kougoule","Itsware"
"Bajiahe","Itsware"
"Ikianja","Itsware"
"Salake","Itsware"
"Ainoura","Itsware"
"Sumari","Itsware"
"Kasawara","Itsware"
"Ahuixtla","Itsware"
"Massate","Itsware"
"Barbruch","Itsware"
"Kaumupwado","Itsware"
"Barkoul","Itsware"
"Chikute","Itsware"
"Akende","Itsware"
"Trupien","Itsware"
"Yadou","Itsware"
"Csakhegy","Itsware"
"Tupuseleia","Itsware"
"Spinazzola","Itsware"
"Beambiaty","Itsware"
"Sheykhresh","Itsware"
"Kigbatito","Itsware"
"Passendale","Itsware"
"Durgadi","Itsware"
"Wingate","Itsware"
"Dumbil","Itsware"
"Jumayliyah","Itsware"
"Oshitai","Blitzbar"
"Messazhay","Blitzbar"
"Molhatavi","Blitzbar"
"Nishikata","Blitzbar"
"Pagiriai","Blitzbar"
"Boschkloof","Blitzbar"
"Siberia","Blitzbar"
"Nantow","Blitzbar"
"Bayilan","Blitzbar"
"Yakhroma","Blitzbar"
"Hibatang","Blitzbar"
"Sopo","Blitzbar"
"Boluntay","Blitzbar"
"Eliyas","Blitzbar"
"Rindan","Blitzbar"
"Lala","Blitzbar"
"Rsayevo","Blitzbar"
"Opatija","Blitzbar"
"Camana","Blitzbar"
"Coventry","Blitzbar"
"Pitachaka","Blitzbar"
"Gouambelo","Blitzbar"
"Nekrashevo","Blitzbar"
"Antaera","Blitzbar"
"Katerruohu","Blitzbar"
"Keseveli","Blitzbar"
"Mooe","Blitzbar"
"Lakhny","Blitzbar"
"Mijaguey","Blitzbar"
"Garaw","Blitzbar"
"Pustodol","Blitzbar"
"Deiroutane","Blitzbar"
"Mavrinsk","Blitzbar"
"Dagonna","Blitzbar"
"Vaysset","Blitzbar"
"Kapar","Blitzbar"
"Gripp","Blitzbar"
"Sakuociai","Blitzbar"
"Gusha","Blitzbar"
"Mihrap","Blitzbar"
"Buyukceli","Blitzbar"
"Navaykot","Blitzbar"
"Blumegg","Blitzbar"
"Dihi","Blitzbar"
"Bombene","Blitzbar"
"Lilouarica","Blitzbar"
"Souitte","Blitzbar"
"Kuhdiwam","Blitzbar"
"Karkku","Blitzbar"
"Lahata","Blitzbar"
"Orniany","Blitzbar"
"Segeti","Blitzbar"
"Kalikicing","Blitzbar"
"Guki","Blitzbar"
"Roisel","Blitzbar"
"Mosteiros","Blitzbar"
"Benchuluk","Blitzbar"
"Rubat","Blitzbar"
"Bernabela","Blitzbar"
"Burdugau","Blitzbar"
"Sindzhanak","Blitzbar"
"Ghaba","Blitzbar"
"Gontra","Blitzbar"
"Khamakhala","Blitzbar"
"Mariahu","Blitzbar"
"Sotol","Blitzbar"
"Burran","Blitzbar"
"Villitas","Blitzbar"
"Podkovac","Blitzbar"
"Hindustan","Blitzbar"
"Bancabanco","Blitzbar"
"Downholme","Blitzbar"
"Paiwand","Blitzbar"
"Laiq","Blitzbar"
"Zelenkovka","Blitzbar"
"Capurro","Blitzbar"
"Tokovo","Blitzbar"
"Coweta","Blitzbar"
"Pakshchay","Blitzbar"
"Sorwakay","Blitzbar"
"Crain","Blitzbar"
"Rebenacq","Blitzbar"
"Trouhans","Blitzbar"
"Jesionowo","Blitzbar"
"Navandak","Blitzbar"
"Makali","Blitzbar"
"Geci","Blitzbar"
"Sovla","Blitzbar"
"Lovy","Blitzbar"
"Lalah","Blitzbar"
"Khavalak","Blitzbar"
"Kaduruwela","Blitzbar"
"Fisitanya","Blitzbar"
"Omupumba","Blitzbar"
"Gudangseng","Blitzbar"
"Focant","Blitzbar"
"Ngeruiki","Blitzbar"
"Aldeby","Berbangmu"
"Lihuo","Berbangmu"
"Saiyah","Berbangmu"
"Kanemi","Berbangmu"
"Neicinei","Berbangmu"
"Maran","Berbangmu"
"Psyrtskha","Berbangmu"
"Shuimocun","Berbangmu"
"Shamrock","Berbangmu"
"Muelle","Berbangmu"
"Tuerin","Berbangmu"
"Mekhdishen","Berbangmu"
"Ronten","Berbangmu"
"Ndoron","Berbangmu"
"Namik","Berbangmu"
"Badzienie","Berbangmu"
"Mbonzie","Berbangmu"
"Vrata","Berbangmu"
"Gartak","Berbangmu"
"Kapatagan","Berbangmu"
"Addouz","Berbangmu"
"Venslage","Berbangmu"
"Bolembo","Berbangmu"
"Romelling","Berbangmu"
"Ylajarvi","Berbangmu"
"Ligneyrac","Berbangmu"
"Braziai","Berbangmu"
"Swanson","Berbangmu"
"Rangiputa","Berbangmu"
"Okhnuvka","Berbangmu"
"Onzain","Berbangmu"
"Busafakrom","Berbangmu"
"Gare","Berbangmu"
"Arba`in","Berbangmu"
"Malyshonki","Berbangmu"
"Osorgino","Berbangmu"
"Jacoca","Berbangmu"
"Baraja","Berbangmu"
"Selanoja","Berbangmu"
"Missongo","Berbangmu"
"Kadirkhola","Berbangmu"
"Bondeville","Berbangmu"
"Ferlibray","Berbangmu"
"Malkoch","Berbangmu"
"Trojana","Berbangmu"
"Guayaybi","Berbangmu"
"Tiberi","Berbangmu"
"Petawqal`a","Berbangmu"
"Badalgeda","Berbangmu"
"Gesnesheni","Berbangmu"
"Houtgoor","Berbangmu"
"Zhenzhuban","Berbangmu"
"Wobei","Berbangmu"
"Sisince","Berbangmu"
"Meraaker","Berbangmu"
"Aini","Berbangmu"
"Wahlhausen","Berbangmu"
"Nagyrabe","Berbangmu"
"Milanville","Berbangmu"
"Lehardan","Berbangmu"
"Taklou","Berbangmu"
"Arbam","Berbangmu"
"Dowlat","Berbangmu"
"Mumpwishi","Berbangmu"
"Ropsies","Berbangmu"
"Mziphewi","Berbangmu"
"Nowoje","Morgenor"
"Sonopur","Morgenor"
"Quissenzel","Morgenor"
"Gachilik","Morgenor"
"Abpartaw","Morgenor"
"Varela","Morgenor"
"Saoude","Morgenor"
"Mborja","Morgenor"
"Eysden","Morgenor"
"Venecia","Morgenor"
"Gasny","Morgenor"
"Aghutman","Morgenor"
"Agaro","Morgenor"
"Kharalig","Morgenor"
"Jianjing","Morgenor"
"Litlit","Morgenor"
"Morkowo","Morgenor"
"Hongping","Morgenor"
"Rakosdulo","Morgenor"
"Pajita","Morgenor"
"Rugano","Morgenor"
"Cailoibere","Morgenor"
"Jabicunda","Morgenor"
"Shirley","Morgenor"
"Kalmon","Morgenor"
"Ngabuked","Morgenor"
"Pellas","Morgenor"
"Ribljak","Morgenor"
"Rohrsburg","Morgenor"
"Souellaba","Morgenor"
"Strain","Morgenor"
"Borsuki","Morgenor"
"Kapolna","Morgenor"
"Ruta","Morgenor"
"Loango","Morgenor"
"Chorro","Morgenor"
"Damabid","Morgenor"
"Kaimar","Morgenor"
"Kamlori","Morgenor"
"Lareti","Morgenor"
"Wawarioke","Morgenor"
"Saatlo","Morgenor"
"Cecilia","Morgenor"
"Salado","Morgenor"
"Muhala","Morgenor"
"Pucacuesta","Morgenor"
"Gumanci","Morgenor"
"Pienia","Morgenor"
"Klentsch","Morgenor"
"Ekpeazizi","Morgenor"
"Dahuki","Morgenor"
"Dyamonso","Morgenor"
"Plomcot","Morgenor"
"Tourriers","Morgenor"
"Bundukki","Morgenor"
"Axelshof","Morgenor"
"Chunyacao","Morgenor"
"Huaylla","Morgenor"
"Subatina","Morgenor"
"Mestanza","Morgenor"
"Wawang","Morgenor"
"Tamjercht","Morgenor"
"Miruni","Morgenor"
"Bongolu","Morgenor"
"Rembewewa","Morgenor"
"Jagodnje","Morgenor"
"Varize","Morgenor"
"Huislay","Morgenor"
"Francos","Morgenor"
"Kajidul","Morgenor"
"Moibanda","Morgenor"
"Karakrou","Morgenor"
"Linangkod","Morgenor"
"Kassewali","Morgenor"
"Campanar","Morgenor"
"Yalovo","Morgenor"
"Rurambi","Morgenor"
"Unmosi","Morgenor"
"Zapota","Morgenor"
"Pajkovac","Morgenor"
"Pleshivets","Morgenor"
"Nupe","Morgenor"
"Sindjon","Morgenor"
"Chase","Morgenor"
"Survay","Morgenor"
"Padroni","Morgenor"
"Bacilak","Morgenor"
"Oleyyuv","Morgenor"
"Giri","Morgenor"
"Mokisi","Morgenor"
"Uitenhage","Morgenor"
"Marliana","Morgenor"
"Kataca","Morgenor"
"Maulu","Morgenor"
"Lacaytanya","Morgenor"
"Wieniawa","Morgenor"
"Scalp","Morgenor"
"Mezina","Morgenor"
"Ponggang","Morgenor"
"Karatikan","Morgenor"
"Baediam","Morgenor"
"Vrapce","Morgenor"
"Percanayoc","Morgenor"
"Almoloyas","Morgenor"
"Tegueli","Morgenor"
"Taishang","Morgenor"
"Patamea","Morgenor"
"Andronovka","Morgenor"
"Jenlung","Morgenor"
"Sepultura","Morgenor"
"Kuzostrov","Morgenor"
"Kwambola","Morgenor"
"Madugeta","Morgenor"
"Luocungou","Morgenor"
"Tumu","Morgenor"
"Simpok","Morgenor"
"Aranga","Morgenor"
"Biyektau","Morgenor"
"Nemabougou","Morgenor"
"Timul","Morgenor"
"Jezero","Morgenor"
"Maindorf","Morgenor"
"Kazhghuneh","Morgenor"
"Kargilik","Morgenor"
"Chakurlar","Morgenor"
"Berzosilla","Taquarsey"
"Fararali","Taquarsey"
"Pavengris","Taquarsey"
"Sverdlov","Taquarsey"
